{
    "dur": {
        "mean": 1.0073031052607604,
        "std": 4.72800885638631
    },
    "spkts": {
        "mean": 18.408441509147497,
        "std": 129.72947916445105
    },
    "dpkts": {
        "mean": 17.324557807636833,
        "std": 115.14227932235077
    },
    "sbytes": {
        "mean": 7708.6575419418505,
        "std": 165666.87027242078
    },
    "dbytes": {
        "mean": 13061.49946101875,
        "std": 151112.47227662033
    },
    "rate": {
        "mean": 82209.77570055789,
        "std": 147397.10969093948
    },
    "sttl": {
        "mean": 181.10917786381233,
        "std": 101.48735469910594
    },
    "dttl": {
        "mean": 95.64773400136643,
        "std": 116.67295611353678
    },
    "sload": {
        "mean": 64684501.36052669,
        "std": 179046128.89158618
    },
    "dload": {
        "mean": 627387.8933436006,
        "std": 2385435.553197105
    },
    "sloss": {
        "mean": 4.649297806118576,
        "std": 62.58744667475084
    },
    "dloss": {
        "mean": 6.234008957716542,
        "std": 55.578350351131945
    },
    "sinpkt": {
        "mean": 778.4130337061413,
        "std": 6286.4777659483025
    },
    "dinpkt": {
        "mean": 121.02504363261215,
        "std": 1257.313347888627
    },
    "sjit": {
        "mean": 6445.200553498702,
        "std": 56979.58740064624
    },
    "djit": {
        "mean": 525.461956808487,
        "std": 3278.0430410719136
    },
    "swin": {
        "mean": 133.06917179078417,
        "std": 127.37718599038924
    },
    "stcpb": {
        "mean": 1082486663.0046003,
        "std": 1390767429.9668927
    },
    "dtcpb": {
        "mean": 1069884898.7226448,
        "std": 1380028747.4347885
    },
    "dwin": {
        "mean": 127.98351172853565,
        "std": 127.49436283445239
    },
    "tcprtt": {
        "mean": 0.05598434226068473,
        "std": 0.11754847207015065
    },
    "synack": {
        "mean": 0.029340039368405072,
        "std": 0.07250359286014399
    },
    "ackdat": {
        "mean": 0.02664430289227967,
        "std": 0.05519843488577225
    },
    "smean": {
        "mean": 139.66973354588933,
        "std": 208.27017418435827
    },
    "dmean": {
        "mean": 115.8680330980035,
        "std": 244.4995874541901
    },
    "trans_depth": {
        "mean": 0.09425339710012905,
        "std": 0.5890421464475577
    },
    "response_body_len": {
        "mean": 1601.748348895468,
        "std": 39637.68185665414
    },
    "ct_srv_src": {
        "mean": 9.581355803537539,
        "std": 11.131173203995399
    },
    "ct_state_ttl": {
        "mean": 1.3687846352387458,
        "std": 1.0626424584232776
    },
    "ct_dst_ltm": {
        "mean": 5.7737493357625445,
        "std": 8.460675257914968
    },
    "ct_src_dport_ltm": {
        "mean": 4.963075988764898,
        "std": 8.435941016034628
    },
    "ct_dst_sport_ltm": {
        "mean": 3.691292795870341,
        "std": 5.95134690190686
    },
    "ct_dst_src_ltm": {
        "mean": 7.490260381082518,
        "std": 11.456440564001138
    },
    "is_ftp_login": {
        "mean": 0.008244135732179457,
        "std": 0.0910920221685443
    },
    "ct_ftp_cmd": {
        "mean": 0.00835041372504365,
        "std": 0.09248838011481109
    },
    "ct_flw_http_mthd": {
        "mean": 0.12968951643513246,
        "std": 0.6381266630868836
    },
    "ct_src_ltm": {
        "mean": 6.503788051317088,
        "std": 8.589296406978386
    },
    "ct_srv_dst": {
        "mean": 9.200030365140819,
        "std": 11.160274947845306
    },
    "is_sm_ips_ports": {
        "mean": 0.011508388370151067,
        "std": 0.10665888657766241
    }
}