{
  "ackdat": {
    "mean": 0.026730963986942982,
    "std": 0.05483896577751093
  },
  "ct_dst_ltm": {
    "mean": 5.7466180824413575,
    "std": 8.431346835204465
  },
  "ct_dst_sport_ltm": {
    "mean": 3.6696120853260457,
    "std": 5.928868805428911
  },
  "ct_dst_src_ltm": {
    "mean": 7.457800045547711,
    "std": 11.417763033678069
  },
  "ct_flw_http_mthd": {
    "mean": 0.12973506414636,
    "std": 0.6445684201620598
  },
  "ct_ftp_cmd": {
    "mean": 0.008274500872997798,
    "std": 0.0915879452217979
  },
  "ct_src_dport_ltm": {
    "mean": 4.937371897062173,
    "std": 8.411122008770631
  },
  "ct_src_ltm": {
    "mean": 6.47630759887649,
    "std": 8.567688061897533
  },
  "ct_srv_dst": {
    "mean": 9.163652926440447,
    "std": 11.12088716414536
  },
  "ct_srv_src": {
    "mean": 9.540605784559325,
    "std": 11.0895272773399
  },
  "ct_state_ttl": {
    "mean": 1.3683898884081076,
    "std": 1.0617359875383727
  },
  "dbytes": {
    "mean": 13139.700326425263,
    "std": 160908.79567073577
  },
  "dinpkt": {
    "mean": 122.0154117189099,
    "std": 1296.2115485787258
  },
  "djit": {
    "mean": 537.6237531756168,
    "std": 3859.569005877646
  },
  "dload": {
    "mean": 630870.7503669908,
    "std": 2397573.2383757317
  },
  "dloss": {
    "mean": 6.281758141653382,
    "std": 59.3603200296131
  },
  "dmean": {
    "mean": 115.6369240112351,
    "std": 243.37772304080187
  },
  "dpkts": {
    "mean": 17.462385181811282,
    "std": 122.6497670969303
  },
  "dtcpb": {
    "mean": 1074580947.3387535,
    "std": 1382983586.5790167
  },
  "dttl": {
    "mean": 95.72079253017536,
    "std": 116.6804685228222
  },
  "dur": {
    "mean": 0.9873106924922189,
    "std": 4.621789981210514
  },
  "dwin": {
    "mean": 128.24361952478554,
    "std": 127.49178583302337
  },
  "is_ftp_login": {
    "mean": 0.008198588020951946,
    "std": 0.09051091556324518
  },
  "is_sm_ips_ports": {
    "mean": 0.011037728687466788,
    "std": 0.1044799644275554
  },
  "proto_3pc": {
    "mean": 0.0003947468306384271,
    "std": 0.019864465675542644
  },
  "proto_a/n": {
    "mean": 0.0004099294010475974,
    "std": 0.02024271672130233
  },
  "proto_aes-sp3-d": {
    "mean": 0.0003188339785925757,
    "std": 0.017853211552437444
  },
  "proto_any": {
    "mean": 0.0011994230623244516,
    "std": 0.03461217467021364
  },
  "proto_argus": {
    "mean": 0.0003643816898200865,
    "std": 0.019085451163726404
  },
  "proto_aris": {
    "mean": 0.0003643816898200865,
    "std": 0.019085451163726404
  },
  "proto_arp": {
    "mean": 0.011857587489561982,
    "std": 0.10824584520960463
  },
  "proto_ax.25": {
    "mean": 0.0003643816898200865,
    "std": 0.019085451163726404
  },
  "proto_bbn-rcc": {
    "mean": 0.0004099294010475974,
    "std": 0.02024271672130233
  },
  "proto_bna": {
    "mean": 0.0003795642602292568,
    "std": 0.019478859100646593
  },
  "proto_br-sat-mon": {
    "mean": 0.0003036514081834055,
    "std": 0.01742308276065624
  },
  "proto_cbt": {
    "mean": 0.0003491991194109163,
    "std": 0.01868374907119126
  },
  "proto_cftp": {
    "mean": 0.0003795642602292568,
    "std": 0.019478859100646593
  },
  "proto_chaos": {
    "mean": 0.0004251119714567676,
    "std": 0.02061401714647307
  },
  "proto_compaq-peer": {
    "mean": 0.0003947468306384271,
    "std": 0.01986446567554264
  },
  "proto_cphb": {
    "mean": 0.0004099294010475974,
    "std": 0.02024271672130233
  },
  "proto_cpnx": {
    "mean": 0.0004402945418659379,
    "std": 0.02097873600919252
  },
  "proto_crtp": {
    "mean": 0.0004099294010475974,
    "std": 0.02024271672130233
  },
  "proto_crudp": {
    "mean": 0.0003947468306384271,
    "std": 0.019864465675542644
  },
  "proto_dcn": {
    "mean": 0.0003947468306384271,
    "std": 0.019864465675542644
  },
  "proto_ddp": {
    "mean": 0.0004099294010475974,
    "std": 0.020242716721302328
  },
  "proto_ddx": {
    "mean": 0.0003947468306384271,
    "std": 0.019864465675542644
  },
  "proto_dgp": {
    "mean": 0.0002884688377742352,
    "std": 0.01698204940533913
  },
  "proto_egp": {
    "mean": 0.0003947468306384271,
    "std": 0.019864465675542644
  },
  "proto_eigrp": {
    "mean": 0.0003947468306384271,
    "std": 0.01986446567554264
  },
  "proto_emcon": {
    "mean": 0.0004251119714567676,
    "std": 0.020614017146473068
  },
  "proto_encap": {
    "mean": 0.0004099294010475974,
    "std": 0.02024271672130233
  },
  "proto_etherip": {
    "mean": 0.000334016549001746,
    "std": 0.01827320583695174
  },
  "proto_fc": {
    "mean": 0.0003643816898200865,
    "std": 0.019085451163726404
  },
  "proto_fire": {
    "mean": 0.0004099294010475974,
    "std": 0.02024271672130233
  },
  "proto_ggp": {
    "mean": 0.0003795642602292568,
    "std": 0.019478859100646593
  },
  "proto_gmtp": {
    "mean": 0.0003643816898200865,
    "std": 0.019085451163726404
  },
  "proto_gre": {
    "mean": 0.0011538753510969408,
    "std": 0.03394939501104559
  },
  "proto_hmp": {
    "mean": 0.0003947468306384271,
    "std": 0.01986446567554264
  },
  "proto_i-nlsp": {
    "mean": 0.0004251119714567676,
    "std": 0.02061401714647307
  },
  "proto_iatp": {
    "mean": 0.0004706596826842785,
    "std": 0.021689751144638256
  },
  "proto_ib": {
    "mean": 0.0004099294010475974,
    "std": 0.02024271672130233
  },
  "proto_idpr": {
    "mean": 0.0004554771122751082,
    "std": 0.021337210809845963
  },
  "proto_idpr-cmtp": {
    "mean": 0.0004251119714567676,
    "std": 0.020614017146473068
  },
  "proto_idrp": {
    "mean": 0.000334016549001746,
    "std": 0.01827320583695174
  },
  "proto_ifmp": {
    "mean": 0.0003795642602292568,
    "std": 0.01947885910064659
  },
  "proto_igmp": {
    "mean": 0.0003036514081834055,
    "std": 0.01742308276065624
  },
  "proto_igp": {
    "mean": 0.0003491991194109163,
    "std": 0.01868374907119126
  },
  "proto_il": {
    "mean": 0.000334016549001746,
    "std": 0.01827320583695174
  },
  "proto_ip": {
    "mean": 0.0004858422530934487,
    "std": 0.022036641832660835
  },
  "proto_ipcomp": {
    "mean": 0.0003643816898200865,
    "std": 0.019085451163726407
  },
  "proto_ipcv": {
    "mean": 0.0002884688377742352,
    "std": 0.016982049405339133
  },
  "proto_ipip": {
    "mean": 0.0004099294010475974,
    "std": 0.020242716721302328
  },
  "proto_iplt": {
    "mean": 0.0003947468306384271,
    "std": 0.019864465675542644
  },
  "proto_ipnip": {
    "mean": 0.0004251119714567676,
    "std": 0.02061401714647307
  },
  "proto_ippc": {
    "mean": 0.0003795642602292568,
    "std": 0.019478859100646593
  },
  "proto_ipv6": {
    "mean": 0.0007894936612768542,
    "std": 0.028087049298516627
  },
  "proto_ipv6-frag": {
    "mean": 0.0004099294010475974,
    "std": 0.020242716721302328
  },
  "proto_ipv6-no": {
    "mean": 0.0003795642602292568,
    "std": 0.019478859100646593
  },
  "proto_ipv6-opts": {
    "mean": 0.0003188339785925757,
    "std": 0.017853211552437444
  },
  "proto_ipv6-route": {
    "mean": 0.0004099294010475974,
    "std": 0.02024271672130233
  },
  "proto_ipx-n-ip": {
    "mean": 0.0003643816898200865,
    "std": 0.019085451163726404
  },
  "proto_irtp": {
    "mean": 0.0003947468306384271,
    "std": 0.019864465675542644
  },
  "proto_isis": {
    "mean": 0.0003795642602292568,
    "std": 0.019478859100646593
  },
  "proto_iso-ip": {
    "mean": 0.0003795642602292568,
    "std": 0.019478859100646593
  },
  "proto_iso-tp4": {
    "mean": 0.0004251119714567676,
    "std": 0.02061401714647307
  },
  "proto_kryptolan": {
    "mean": 0.0004099294010475974,
    "std": 0.02024271672130233
  },
  "proto_l2tp": {
    "mean": 0.0003795642602292568,
    "std": 0.019478859100646593
  },
  "proto_larp": {
    "mean": 0.0003947468306384271,
    "std": 0.019864465675542644
  },
  "proto_leaf-1": {
    "mean": 0.0004706596826842785,
    "std": 0.02168975114463826
  },
  "proto_leaf-2": {
    "mean": 0.0003947468306384271,
    "std": 0.019864465675542644
  },